timestamp,fairBasis
2020-12-07 00:02:00.622947251+00:00,0.96
2020-12-07 00:04:00.494065658+00:00,0.95
2020-12-07 00:07:00.496131576+00:00,0.94
2020-12-07 00:09:00.499832305+00:00,0.93
2020-12-07 00:11:00.497124993+00:00,0.92
2020-12-07 00:14:00.501370933+00:00,0.91
2020-12-07 00:16:00.487315442+00:00,0.9
2020-12-07 00:18:00.499168745+00:00,0.89
2020-12-07 00:21:00.497455447+00:00,0.88
2020-12-07 00:24:00.474170979+00:00,0.87
2020-12-07 00:26:00.509890382+00:00,0.86
2020-12-07 00:28:00.511912890+00:00,0.85
2020-12-07 00:28:05.498662961+00:00,0.86
2020-12-07 00:29:00.504491146+00:00,0.85
2020-12-07 00:31:00.495723015+00:00,0.84
2020-12-07 00:33:00.496573089+00:00,0.83
2020-12-07 00:36:00.512150968+00:00,0.82
2020-12-07 00:39:00.497280033+00:00,0.81
2020-12-07 00:41:00.509628671+00:00,0.8
2020-12-07 00:43:00.491662344+00:00,0.79
2020-12-07 00:46:00.483241362+00:00,0.78
2020-12-07 00:49:00.498148051+00:00,0.77
2020-12-07 00:51:00.514227622+00:00,0.76
2020-12-07 00:53:00.491988986+00:00,0.75
2020-12-07 00:56:00.494588806+00:00,0.74
2020-12-07 00:58:00.521064393+00:00,0.73
2020-12-07 01:00:00.909844278+00:00,0.72
2020-12-07 01:00:10.497219252+00:00,0.73
2020-12-07 01:00:20.490065619+00:00,0.72
2020-12-07 01:00:25.490363077+00:00,0.73
2020-12-07 01:00:40.505315146+00:00,0.72
2020-12-07 01:00:45.472252889+00:00,0.73
2020-12-07 01:00:50.486110085+00:00,0.72
2020-12-07 01:03:00.496739320+00:00,0.71
2020-12-07 01:05:00.476263946+00:00,0.7
2020-12-07 01:05:10.517921603+00:00,0.71
2020-12-07 01:05:30.497315798+00:00,0.7
2020-12-07 01:08:00.483903183+00:00,0.69
2020-12-07 01:10:00.488185666+00:00,0.68
2020-12-07 01:13:00.480338728+00:00,0.67
2020-12-07 01:15:00.477910995+00:00,0.66
2020-12-07 01:18:00.477156481+00:00,0.65
2020-12-07 01:20:05.509261213+00:00,0.64
2020-12-07 01:20:15.497377696+00:00,0.65
2020-12-07 01:20:35.487123730+00:00,0.64
2020-12-07 01:23:00.490295126+00:00,0.63
2020-12-07 01:25:00.499278306+00:00,0.62
2020-12-07 01:27:00.481679104+00:00,0.61
2020-12-07 01:30:00.482991535+00:00,0.6
2020-12-07 01:32:00.473004821+00:00,0.59
2020-12-07 01:35:00.492838396+00:00,0.58
2020-12-07 01:37:00.494645493+00:00,0.57
2020-12-07 01:40:00.480333281+00:00,0.56
2020-12-07 01:42:00.456805960+00:00,0.55
2020-12-07 01:45:00.501098229+00:00,0.54
2020-12-07 01:47:00.484287959+00:00,0.53
2020-12-07 01:49:45.492659961+00:00,0.52
2020-12-07 01:52:00.504658071+00:00,0.51
2020-12-07 01:55:00.472959486+00:00,0.5
2020-12-07 01:57:00.490223904+00:00,0.49
2020-12-07 02:00:00.911350363+00:00,0.48
2020-12-07 02:02:00.481472075+00:00,0.47
2020-12-07 02:05:00.487789161+00:00,0.46
2020-12-07 02:07:00.488756300+00:00,0.45
2020-12-07 02:10:00.493074015+00:00,0.44
2020-12-07 02:12:00.453308301+00:00,0.43
2020-12-07 02:15:00.473853731+00:00,0.42
2020-12-07 02:17:00.494144301+00:00,0.41
2020-12-07 02:19:00.501411731+00:00,0.4
2020-12-07 02:22:00.474299497+00:00,0.39
2020-12-07 02:24:15.481980272+00:00,0.38
2020-12-07 02:24:20.475854373+00:00,0.39
2020-12-07 02:24:30.500542982+00:00,0.38
2020-12-07 02:27:00.491714615+00:00,0.37
2020-12-07 02:29:00.521192139+00:00,0.36
2020-12-07 02:32:00.480691885+00:00,0.35
2020-12-07 02:34:00.493152841+00:00,0.34
2020-12-07 02:37:00.526330820+00:00,0.33
2020-12-07 02:39:00.511304653+00:00,0.32
2020-12-07 02:42:00.498939836+00:00,0.31
2020-12-07 02:44:00.488445896+00:00,0.3
2020-12-07 02:47:00.494236176+00:00,0.29
2020-12-07 02:49:00.486454218+00:00,0.28
2020-12-07 02:52:00.483132707+00:00,0.27
2020-12-07 02:54:00.522367758+00:00,0.26
2020-12-07 02:57:00.511556812+00:00,0.25
2020-12-07 02:59:00.511728997+00:00,0.24
2020-12-07 03:02:00.494648736+00:00,0.23
2020-12-07 03:04:00.478235619+00:00,0.22
2020-12-07 03:07:00.475611668+00:00,0.21
2020-12-07 03:09:00.477151065+00:00,0.2
2020-12-07 03:12:00.482746994+00:00,0.19
2020-12-07 03:14:00.498792145+00:00,0.18
2020-12-07 03:17:00.466043242+00:00,0.17
2020-12-07 03:19:00.497232061+00:00,0.16
2020-12-07 03:22:00.489404374+00:00,0.15
2020-12-07 03:24:00.518723787+00:00,0.14
2020-12-07 03:27:00.475202548+00:00,0.13
2020-12-07 03:29:00.486128737+00:00,0.12
2020-12-07 03:32:00.479322567+00:00,0.11
2020-12-07 03:34:00.486785817+00:00,0.1
2020-12-07 03:37:00.492175984+00:00,0.09
2020-12-07 03:39:00.485817435+00:00,0.08
2020-12-07 03:42:00.479385182+00:00,0.07
2020-12-07 03:44:00.482788145+00:00,0.06
2020-12-07 03:47:00.486531184+00:00,0.05
2020-12-07 03:49:00.483238186+00:00,0.04
2020-12-07 03:52:00.477007070+00:00,0.03
2020-12-07 03:54:00.476767811+00:00,0.02
2020-12-07 03:57:00.475944441+00:00,0.01
2020-12-07 03:59:00.483509964+00:00,0.0
2020-12-07 04:00:01.405322597+00:00,1.93
2020-12-07 04:00:30.486605265+00:00,4.15
2020-12-07 04:01:00.480625934+00:00,4.14
2020-12-07 04:02:00.470776702+00:00,4.13
2020-12-07 04:03:00.482391895+00:00,4.12
2020-12-07 04:04:00.471664607+00:00,4.11
2020-12-07 04:05:00.499377335+00:00,4.1
2020-12-07 04:06:00.467616004+00:00,4.09
2020-12-07 04:06:50.490546245+00:00,4.1
2020-12-07 04:07:00.471901922+00:00,4.09
2020-12-07 04:08:00.483908986+00:00,4.08
2020-12-07 04:09:00.479032220+00:00,4.07
2020-12-07 04:10:00.510048512+00:00,4.06
2020-12-07 04:11:00.477521627+00:00,4.05
2020-12-07 04:12:00.485385741+00:00,4.04
2020-12-07 04:13:00.484163247+00:00,4.03
2020-12-07 04:14:00.495830342+00:00,4.02
2020-12-07 04:15:00.485758967+00:00,4.01
2020-12-07 04:16:20.473770738+00:00,4.0
2020-12-07 04:18:00.482263375+00:00,3.99
2020-12-07 04:19:00.482605601+00:00,3.98
2020-12-07 04:20:00.496821068+00:00,3.97
2020-12-07 04:21:00.487663620+00:00,3.96
2020-12-07 04:22:00.496628822+00:00,3.95
2020-12-07 04:24:00.501634173+00:00,3.94
2020-12-07 04:25:00.489632072+00:00,3.93
2020-12-07 04:26:00.488275574+00:00,3.92
2020-12-07 04:27:00.499264809+00:00,3.91
2020-12-07 04:28:00.494626424+00:00,3.9
2020-12-07 04:29:00.508544895+00:00,3.89
2020-12-07 04:30:00.501568504+00:00,3.88
2020-12-07 04:31:00.436224752+00:00,3.87
2020-12-07 04:32:00.509965553+00:00,3.86
2020-12-07 04:33:00.475277974+00:00,3.85
2020-12-07 04:33:20.485801989+00:00,3.86
2020-12-07 04:34:00.493266556+00:00,3.85
2020-12-07 04:35:00.490073377+00:00,3.84
2020-12-07 04:36:00.520980114+00:00,3.83
2020-12-07 04:37:00.503261640+00:00,3.82
2020-12-07 04:38:00.488486928+00:00,3.81
2020-12-07 04:38:40.469938655+00:00,3.82
2020-12-07 04:38:50.496532712+00:00,3.81
2020-12-07 04:40:00.507695072+00:00,3.8
2020-12-07 04:41:00.503166106+00:00,3.79
2020-12-07 04:42:00.495590198+00:00,3.78
2020-12-07 04:43:00.513181006+00:00,3.77
2020-12-07 04:44:00.497037625+00:00,3.76
2020-12-07 04:46:00.491730817+00:00,3.75
2020-12-07 04:47:00.519970367+00:00,3.74
2020-12-07 04:48:00.502538205+00:00,3.73
2020-12-07 04:49:00.503440977+00:00,3.72
2020-12-07 04:49:05.507287502+00:00,3.73
2020-12-07 04:50:00.479134481+00:00,3.72
2020-12-07 04:51:00.471045300+00:00,3.71
2020-12-07 04:52:00.486382163+00:00,3.7
2020-12-07 04:53:00.488477640+00:00,3.69
2020-12-07 04:54:00.464064459+00:00,3.68
2020-12-07 04:55:00.535397977+00:00,3.67
2020-12-07 04:55:40.495831791+00:00,3.68
2020-12-07 04:55:45.483160719+00:00,3.67
2020-12-07 04:55:50.481947173+00:00,3.68
2020-12-07 04:56:00.484269207+00:00,3.67
2020-12-07 04:57:00.487465250+00:00,3.66
2020-12-07 04:58:00.476758155+00:00,3.65
2020-12-07 04:59:00.496898287+00:00,3.64
2020-12-07 05:00:00.893040995+00:00,3.63
2020-12-07 05:01:00.485749255+00:00,3.62
2020-12-07 05:02:00.481634176+00:00,3.61
2020-12-07 05:03:00.496344881+00:00,3.6
2020-12-07 05:04:00.479618682+00:00,3.59
2020-12-07 05:06:00.479945540+00:00,3.58
2020-12-07 05:07:00.482163332+00:00,3.57
2020-12-07 05:08:00.481996718+00:00,3.56
2020-12-07 05:09:00.421161556+00:00,3.55
2020-12-07 05:10:00.478790918+00:00,3.54
2020-12-07 05:11:00.473812953+00:00,3.53
2020-12-07 05:12:10.466862746+00:00,3.52
2020-12-07 05:12:30.467981609+00:00,3.53
2020-12-07 05:13:00.481380012+00:00,3.52
2020-12-07 05:14:00.472578749+00:00,3.51
2020-12-07 05:15:00.471398322+00:00,3.5
2020-12-07 05:16:00.485809672+00:00,3.49
2020-12-07 05:17:00.484011327+00:00,3.48
2020-12-07 05:18:00.413677388+00:00,3.47
2020-12-07 05:19:00.470910318+00:00,3.46
2020-12-07 05:20:00.467511768+00:00,3.45
2020-12-07 05:21:00.496251600+00:00,3.44
2020-12-07 05:22:00.463281575+00:00,3.43
2020-12-07 05:23:00.480030328+00:00,3.42
2020-12-07 05:23:55.459986139+00:00,3.43
2020-12-07 05:24:00.502283628+00:00,3.42
2020-12-07 05:25:00.488693450+00:00,3.41
2020-12-07 05:26:00.468363015+00:00,3.4
2020-12-07 05:27:00.464049850+00:00,3.39
2020-12-07 05:28:00.486299905+00:00,3.38
2020-12-07 05:28:35.496120794+00:00,3.39
2020-12-07 05:29:00.507921956+00:00,3.38
2020-12-07 05:30:00.433185114+00:00,3.37
2020-12-07 05:31:00.477363933+00:00,3.36
2020-12-07 05:32:00.463099511+00:00,3.35
2020-12-07 05:33:00.473663670+00:00,3.34
2020-12-07 05:33:05.460016110+00:00,3.35
2020-12-07 05:33:25.478096123+00:00,3.34
2020-12-07 05:33:35.488445730+00:00,3.35
2020-12-07 05:34:00.464942535+00:00,3.34
2020-12-07 05:35:00.485249324+00:00,3.33
2020-12-07 05:36:00.483075611+00:00,3.32
2020-12-07 05:37:00.474887357+00:00,3.31
2020-12-07 05:38:00.478135632+00:00,3.3
2020-12-07 05:39:00.473322641+00:00,3.29
2020-12-07 05:40:00.502453719+00:00,3.28
2020-12-07 05:41:05.478184607+00:00,3.27
2020-12-07 05:41:10.491028352+00:00,3.28
2020-12-07 05:41:35.487984996+00:00,3.27
2020-12-07 05:42:10.467357+00:00,3.26
2020-12-07 05:42:35.466160799+00:00,3.27
2020-12-07 05:42:40.464646561+00:00,3.26
2020-12-07 05:44:00.472691422+00:00,3.25
2020-12-07 05:45:00.487511269+00:00,3.24
2020-12-07 05:46:00.478091291+00:00,3.23
2020-12-07 05:47:00.511563880+00:00,3.22
2020-12-07 05:48:00.492069972+00:00,3.21
2020-12-07 05:49:00.466532246+00:00,3.2
2020-12-07 05:50:00.472150085+00:00,3.19
2020-12-07 05:51:00.485324488+00:00,3.18
2020-12-07 05:52:10.475635166+00:00,3.17
2020-12-07 05:54:00.480501992+00:00,3.16
2020-12-07 05:55:00.479151227+00:00,3.15
2020-12-07 05:56:00.483147073+00:00,3.14
2020-12-07 05:57:00.479612651+00:00,3.13
2020-12-07 05:58:00.491706382+00:00,3.12
2020-12-07 05:59:00.477175282+00:00,3.11
2020-12-07 06:00:00.894295267+00:00,3.1
2020-12-07 06:00:10.496626054+00:00,3.11
2020-12-07 06:00:15.469710986+00:00,3.1
2020-12-07 06:00:25.466887841+00:00,3.11
2020-12-07 06:00:35.472849588+00:00,3.1
2020-12-07 06:00:45.476796333+00:00,3.11
2020-12-07 06:01:00.478302308+00:00,3.1
2020-12-07 06:02:00.477783197+00:00,3.09
2020-12-07 06:03:00.465900126+00:00,3.08
2020-12-07 06:04:00.455970947+00:00,3.07
2020-12-07 06:05:00.492427172+00:00,3.06
2020-12-07 06:06:00.473481096+00:00,3.05
2020-12-07 06:06:30.497646014+00:00,3.06
2020-12-07 06:07:00.486977716+00:00,3.05
2020-12-07 06:08:00.488430033+00:00,3.04
2020-12-07 06:09:00.477731373+00:00,3.03
2020-12-07 06:10:00.455349289+00:00,3.02
2020-12-07 06:11:00.471046742+00:00,3.01
2020-12-07 06:11:15.470562516+00:00,3.02
2020-12-07 06:11:20.480636500+00:00,3.01
2020-12-07 06:13:00.470891396+00:00,3.0
2020-12-07 06:14:00.464118488+00:00,2.99
2020-12-07 06:15:00.454672055+00:00,2.98
2020-12-07 06:16:00.494373325+00:00,2.97
2020-12-07 06:18:00.508519213+00:00,2.96
2020-12-07 06:19:00.502686902+00:00,2.95
2020-12-07 06:20:00.471540649+00:00,2.94
2020-12-07 06:20:05.504578427+00:00,2.95
2020-12-07 06:21:00.481025006+00:00,2.94
2020-12-07 06:22:00.501939682+00:00,2.93
2020-12-07 06:23:00.493154024+00:00,2.92
2020-12-07 06:24:00.500541982+00:00,2.91
2020-12-07 06:25:00.478379714+00:00,2.9
2020-12-07 06:26:15.528546769+00:00,2.89
2020-12-07 06:26:20.502612938+00:00,2.9
2020-12-07 06:26:30.497837268+00:00,2.89
2020-12-07 06:26:35.477973271+00:00,2.9
2020-12-07 06:26:40.500743695+00:00,2.89
2020-12-07 06:26:45.489962962+00:00,2.9
2020-12-07 06:27:00.504930162+00:00,2.89
2020-12-07 06:27:50.512106182+00:00,2.88
2020-12-07 06:29:00.479540942+00:00,2.87
2020-12-07 06:30:00.475273785+00:00,2.86
2020-12-07 06:31:00.501869855+00:00,2.85
2020-12-07 06:32:00.470363854+00:00,2.84
2020-12-07 06:33:00.499961562+00:00,2.83
2020-12-07 06:34:00.514394411+00:00,2.82
2020-12-07 06:35:00.521152867+00:00,2.81
2020-12-07 06:36:00.494500267+00:00,2.8
2020-12-07 06:37:20.473391943+00:00,2.79
2020-12-07 06:37:25.499012144+00:00,2.8
2020-12-07 06:37:40.504575857+00:00,2.79
2020-12-07 06:37:55.484365119+00:00,2.8
2020-12-07 06:38:00.519008108+00:00,2.79
2020-12-07 06:39:00.477894003+00:00,2.78
2020-12-07 06:40:00.514025390+00:00,2.77
2020-12-07 06:41:00.505898693+00:00,2.76
2020-12-07 06:42:00.499521072+00:00,2.75
2020-12-07 06:43:00.485807302+00:00,2.74
2020-12-07 06:44:01.162174743+00:00,2.73
2020-12-07 06:45:00.486485235+00:00,2.72
2020-12-07 06:45:20.474809123+00:00,2.73
2020-12-07 06:46:00.482384974+00:00,2.72
2020-12-07 06:47:00.485135348+00:00,2.71
2020-12-07 06:48:00.469540187+00:00,2.7
2020-12-07 06:49:00.471909096+00:00,2.69
2020-12-07 06:50:00.479020257+00:00,2.68
2020-12-07 06:51:10.481181635+00:00,2.67
2020-12-07 06:51:40.484078620+00:00,2.68
2020-12-07 06:52:00.498209844+00:00,2.67
2020-12-07 06:53:00.494807221+00:00,2.66
2020-12-07 06:54:00.468012033+00:00,2.65
2020-12-07 06:55:00.477681296+00:00,2.64
2020-12-07 06:56:00.506853877+00:00,2.63
2020-12-07 06:57:00.490858973+00:00,2.62
2020-12-07 06:58:00.479612598+00:00,2.61
2020-12-07 06:59:00.481004620+00:00,2.6
2020-12-07 07:00:05.485883514+00:00,2.59
2020-12-07 07:00:10.495353057+00:00,2.6
2020-12-07 07:01:00.492577252+00:00,2.59
2020-12-07 07:02:00.481501610+00:00,2.58
2020-12-07 07:03:00.487955268+00:00,2.57
2020-12-07 07:04:00.496958042+00:00,2.56
2020-12-07 07:05:00.489846799+00:00,2.55
2020-12-07 07:07:00.489164633+00:00,2.54
2020-12-07 07:08:00.479134742+00:00,2.53
2020-12-07 07:09:00.485459683+00:00,2.52
2020-12-07 07:10:00.474517791+00:00,2.51
2020-12-07 07:12:00.482023829+00:00,2.5
2020-12-07 07:13:00.470377256+00:00,2.49
2020-12-07 07:14:00.489768436+00:00,2.48
2020-12-07 07:15:00.461937916+00:00,2.47
2020-12-07 07:16:00.478994162+00:00,2.46
2020-12-07 07:17:00.479381411+00:00,2.45
2020-12-07 07:18:00.469827845+00:00,2.44
2020-12-07 07:19:00.474610556+00:00,2.43
2020-12-07 07:21:00.499919470+00:00,2.42
2020-12-07 07:22:00.497874175+00:00,2.41
2020-12-07 07:23:00.473549017+00:00,2.4
2020-12-07 07:24:00.474847175+00:00,2.39
2020-12-07 07:25:00.482672241+00:00,2.38
2020-12-07 07:26:00.469335495+00:00,2.37
2020-12-07 07:27:00.496084947+00:00,2.36
2020-12-07 07:29:00.479719879+00:00,2.35
2020-12-07 07:30:00.465229572+00:00,2.34
2020-12-07 07:31:00.469825692+00:00,2.33
2020-12-07 07:32:00.458786151+00:00,2.32
2020-12-07 07:33:00.479398196+00:00,2.31
2020-12-07 07:34:00.471627189+00:00,2.3
2020-12-07 07:35:00.497493010+00:00,2.29
2020-12-07 07:36:00.488071843+00:00,2.28
2020-12-07 07:38:00.477536077+00:00,2.27
2020-12-07 07:39:00.483773462+00:00,2.26
2020-12-07 07:40:00.462968547+00:00,2.25
2020-12-07 07:41:00.481832589+00:00,2.24
2020-12-07 07:42:00.476732874+00:00,2.23
2020-12-07 07:43:00.479029588+00:00,2.22
2020-12-07 07:43:35.479221952+00:00,2.23
2020-12-07 07:44:00.478342317+00:00,2.22
2020-12-07 07:45:00.487908350+00:00,2.21
2020-12-07 07:46:00.473407390+00:00,2.2
2020-12-07 07:47:00.485289594+00:00,2.19
2020-12-07 07:48:00.473787754+00:00,2.18
2020-12-07 07:50:00.474782698+00:00,2.17
2020-12-07 07:51:00.501410862+00:00,2.16
2020-12-07 07:52:00.471739422+00:00,2.15
2020-12-07 07:53:00.479805220+00:00,2.14
2020-12-07 07:55:00.469711072+00:00,2.13
2020-12-07 07:56:00.473247231+00:00,2.12
2020-12-07 07:57:00.479741280+00:00,2.11
2020-12-07 07:58:00.480901390+00:00,2.1
2020-12-07 07:59:00.479156506+00:00,2.09
2020-12-07 08:00:00.903861059+00:00,2.08
2020-12-07 08:01:00.486478087+00:00,2.07
2020-12-07 08:02:00.480160312+00:00,2.06
2020-12-07 08:03:00.483256547+00:00,2.05
2020-12-07 08:04:00.480610581+00:00,2.04
2020-12-07 08:05:00.475478644+00:00,2.03
2020-12-07 08:06:05.500761811+00:00,2.02
2020-12-07 08:06:55.500122838+00:00,2.03
2020-12-07 08:07:00.483729109+00:00,2.02
2020-12-07 08:08:00.478372767+00:00,2.01
2020-12-07 08:09:00.482081126+00:00,2.0
2020-12-07 08:10:00.477107645+00:00,1.99
2020-12-07 08:11:00.479696177+00:00,1.98
2020-12-07 08:12:00.484229452+00:00,1.97
2020-12-07 08:13:00.489521913+00:00,1.96
2020-12-07 08:14:00.467946311+00:00,1.95
2020-12-07 08:14:55.468735079+00:00,1.96
2020-12-07 08:15:00.516140977+00:00,1.95
2020-12-07 08:16:00.459683047+00:00,1.94
2020-12-07 08:17:00.484503272+00:00,1.93
2020-12-07 08:18:00.504540938+00:00,1.92
2020-12-07 08:19:00.528103354+00:00,1.91
2020-12-07 08:20:00.488608291+00:00,1.9
2020-12-07 08:21:00.489071712+00:00,1.89
2020-12-07 08:22:00.510709331+00:00,1.88
2020-12-07 08:23:00.538069413+00:00,1.87
2020-12-07 08:24:30.483049366+00:00,1.86
2020-12-07 08:24:35.481289808+00:00,1.87
2020-12-07 08:24:40.493675988+00:00,1.86
2020-12-07 08:26:00.505430977+00:00,1.85
2020-12-07 08:27:00.522927858+00:00,1.84
2020-12-07 08:28:00.513245254+00:00,1.83
2020-12-07 08:29:00.487288499+00:00,1.82
2020-12-07 08:30:00.478607739+00:00,1.81
2020-12-07 08:31:00.495718129+00:00,1.8
2020-12-07 08:32:00.494136525+00:00,1.79
2020-12-07 08:33:00.506969513+00:00,1.78
2020-12-07 08:34:00.499504750+00:00,1.77
2020-12-07 08:35:00.497440727+00:00,1.76
2020-12-07 08:37:00.491594543+00:00,1.75
2020-12-07 08:38:00.472648092+00:00,1.74
2020-12-07 08:39:00.501411604+00:00,1.73
2020-12-07 08:40:00.473774643+00:00,1.72
2020-12-07 08:41:00.486304682+00:00,1.71
2020-12-07 08:43:00.509080614+00:00,1.7
2020-12-07 08:44:00.492431182+00:00,1.69
2020-12-07 08:45:00.487681340+00:00,1.68
2020-12-07 08:46:00.480812167+00:00,1.67
2020-12-07 08:47:00.488819786+00:00,1.66
2020-12-07 08:48:00.487647348+00:00,1.65
2020-12-07 08:48:10.482186361+00:00,1.66
2020-12-07 08:48:20.471762834+00:00,1.65
2020-12-07 08:48:50.479801671+00:00,1.66
2020-12-07 08:49:00.491588422+00:00,1.65
2020-12-07 08:50:00.478019690+00:00,1.64
2020-12-07 08:51:00.490367198+00:00,1.63
2020-12-07 08:52:00.481931679+00:00,1.62
2020-12-07 08:53:00.485099340+00:00,1.61
2020-12-07 08:54:00.506847968+00:00,1.6
2020-12-07 08:55:00.477985012+00:00,1.59
2020-12-07 08:55:35.464639132+00:00,1.6
2020-12-07 08:55:45.473336053+00:00,1.59
2020-12-07 08:55:56.481784835+00:00,1.6
2020-12-07 08:56:00.475842409+00:00,1.59
2020-12-07 08:57:00.500328226+00:00,1.58
2020-12-07 08:58:00.500523782+00:00,1.57
2020-12-07 08:59:00.511328192+00:00,1.56
2020-12-07 09:00:00.908439786+00:00,1.55
2020-12-07 09:01:00.475788369+00:00,1.54
2020-12-07 09:02:15.488663684+00:00,1.53
2020-12-07 09:03:35.479105823+00:00,1.52
2020-12-07 09:04:40.487487699+00:00,1.51
2020-12-07 09:06:00.493835444+00:00,1.5
2020-12-07 09:07:00.481473297+00:00,1.49
2020-12-07 09:08:00.506592416+00:00,1.48
2020-12-07 09:09:00.496143049+00:00,1.47
2020-12-07 09:10:00.533119026+00:00,1.46
2020-12-07 09:11:10.480992995+00:00,1.45
2020-12-07 09:11:15.481892779+00:00,1.46
2020-12-07 09:11:20.484549282+00:00,1.45
2020-12-07 09:11:30.467828550+00:00,1.46
2020-12-07 09:12:00.493281359+00:00,1.45
2020-12-07 09:13:00.480774053+00:00,1.44
2020-12-07 09:14:00.491089965+00:00,1.43
2020-12-07 09:15:00.497878298+00:00,1.42
2020-12-07 09:16:00.491566346+00:00,1.41
2020-12-07 09:17:00.483983919+00:00,1.4
2020-12-07 09:18:20.482199403+00:00,1.39
2020-12-07 09:18:25.479791947+00:00,1.4
2020-12-07 09:18:40.497676713+00:00,1.39
2020-12-07 09:18:45.471900258+00:00,1.4
2020-12-07 09:18:55.479341100+00:00,1.39
2020-12-07 09:20:00.397007915+00:00,1.38
2020-12-07 09:21:00.498930976+00:00,1.37
2020-12-07 09:22:00.472396175+00:00,1.36
2020-12-07 09:23:00.492310937+00:00,1.35
2020-12-07 09:24:00.460529367+00:00,1.34
2020-12-07 09:25:00.537100631+00:00,1.33
2020-12-07 09:26:00.481977232+00:00,1.32
2020-12-07 09:26:15.472081038+00:00,1.33
2020-12-07 09:27:00.467001065+00:00,1.32
2020-12-07 09:28:00.496928649+00:00,1.31
2020-12-07 09:29:00.505269141+00:00,1.3
2020-12-07 09:30:00.498861428+00:00,1.29
2020-12-07 09:31:00.497287505+00:00,1.28
2020-12-07 09:32:00.492885588+00:00,1.27
2020-12-07 09:33:00.495874866+00:00,1.26
2020-12-07 09:35:00.482851653+00:00,1.25
2020-12-07 09:36:00.470952323+00:00,1.24
2020-12-07 09:37:00.493805395+00:00,1.23
2020-12-07 09:38:00.508588965+00:00,1.22
2020-12-07 09:39:00.475807915+00:00,1.21
2020-12-07 09:40:00.503938665+00:00,1.2
2020-12-07 09:42:00.489499235+00:00,1.19
2020-12-07 09:43:00.487588142+00:00,1.18
2020-12-07 09:44:00.482600548+00:00,1.17
2020-12-07 09:45:00.490611159+00:00,1.16
2020-12-07 09:46:00.479135319+00:00,1.15
2020-12-07 09:48:00.475422682+00:00,1.14
2020-12-07 09:49:00.466554499+00:00,1.13
2020-12-07 09:50:00.473494140+00:00,1.12
2020-12-07 09:51:00.489704891+00:00,1.11
2020-12-07 09:52:00.492389442+00:00,1.1
2020-12-07 09:53:00.497784458+00:00,1.09
2020-12-07 09:55:00.478510325+00:00,1.08
2020-12-07 09:56:00.486524328+00:00,1.07
2020-12-07 09:57:00.497747821+00:00,1.06
2020-12-07 09:58:00.509540510+00:00,1.05
2020-12-07 09:59:00.500038002+00:00,1.04
2020-12-07 10:00:01.004575590+00:00,1.03
2020-12-07 10:01:00.486864887+00:00,1.02
2020-12-07 10:02:00.481244964+00:00,1.01
2020-12-07 10:04:00.491121065+00:00,1.0
2020-12-07 10:05:00.492947627+00:00,0.99
2020-12-07 10:06:00.489738160+00:00,0.98
2020-12-07 10:07:00.497709606+00:00,0.97
2020-12-07 10:08:00.476221272+00:00,0.96
2020-12-07 10:09:00.464500194+00:00,0.95
2020-12-07 10:10:25.482526264+00:00,0.94
2020-12-07 10:12:00.488014528+00:00,0.93
2020-12-07 10:13:00.478471161+00:00,0.92
2020-12-07 10:14:00.483170517+00:00,0.91
2020-12-07 10:15:00.499498753+00:00,0.9
2020-12-07 10:17:00.502019566+00:00,0.89
2020-12-07 10:18:00.501242920+00:00,0.88
2020-12-07 10:19:00.489499808+00:00,0.87
2020-12-07 10:20:00.500094622+00:00,0.86
2020-12-07 10:21:00.498483754+00:00,0.85
2020-12-07 10:22:00.506649108+00:00,0.84
2020-12-07 10:23:00.511247619+00:00,0.83
2020-12-07 10:23:50.503461660+00:00,0.84
2020-12-07 10:24:00.491669598+00:00,0.83
2020-12-07 10:25:00.499273979+00:00,0.82
2020-12-07 10:26:00.490317137+00:00,0.81
2020-12-07 10:27:00.495538950+00:00,0.8
2020-12-07 10:28:00.488084057+00:00,0.79
2020-12-07 10:29:00.496547550+00:00,0.78
2020-12-07 10:31:00.489968577+00:00,0.77
2020-12-07 10:32:00.495604718+00:00,0.76
2020-12-07 10:33:00.512500935+00:00,0.75
2020-12-07 10:34:00.482186187+00:00,0.74
2020-12-07 10:35:00.531203337+00:00,0.73
2020-12-07 10:36:00.480338469+00:00,0.72
2020-12-07 10:37:00.519834950+00:00,0.71
2020-12-07 10:39:00.502372184+00:00,0.7
2020-12-07 10:40:00.485321116+00:00,0.69
2020-12-07 10:41:00.489304540+00:00,0.68
2020-12-07 10:42:00.492233408+00:00,0.67
2020-12-07 10:43:00.498622117+00:00,0.66
2020-12-07 10:44:00.494093083+00:00,0.65
2020-12-07 10:46:00.498619210+00:00,0.64
2020-12-07 10:47:00.490209957+00:00,0.63
2020-12-07 10:48:00.508275690+00:00,0.62
2020-12-07 10:49:00.469789446+00:00,0.61
2020-12-07 10:50:00.496492875+00:00,0.6
2020-12-07 10:51:00.518472658+00:00,0.59
2020-12-07 10:52:00.484773216+00:00,0.58
2020-12-07 10:54:00.479924388+00:00,0.57
2020-12-07 10:55:00.494286656+00:00,0.56
2020-12-07 10:56:00.483031983+00:00,0.55
2020-12-07 10:57:00.503451428+00:00,0.54
2020-12-07 10:58:00.500297410+00:00,0.53
2020-12-07 10:59:00.514214376+00:00,0.52
2020-12-07 11:01:00.499196143+00:00,0.51
2020-12-07 11:02:00.485862990+00:00,0.5
2020-12-07 11:03:00.471382464+00:00,0.49
2020-12-07 11:04:00.488743997+00:00,0.48
2020-12-07 11:05:00.466297656+00:00,0.47
2020-12-07 11:07:00.487905525+00:00,0.46
2020-12-07 11:08:00.470958892+00:00,0.45
2020-12-07 11:09:00.488362971+00:00,0.44
2020-12-07 11:10:00.461850350+00:00,0.43
2020-12-07 11:11:00.489459254+00:00,0.42
2020-12-07 11:12:00.508202399+00:00,0.41
2020-12-07 11:13:00.487016460+00:00,0.4
2020-12-07 11:15:00.478790947+00:00,0.39
2020-12-07 11:16:00.478439994+00:00,0.38
2020-12-07 11:17:00.479093497+00:00,0.37
2020-12-07 11:18:00.491833699+00:00,0.36
2020-12-07 11:19:00.483154421+00:00,0.35
2020-12-07 11:20:00.501590101+00:00,0.34
2020-12-07 11:22:00.482515051+00:00,0.33
2020-12-07 11:23:00.490913509+00:00,0.32
2020-12-07 11:24:00.519321270+00:00,0.31
2020-12-07 11:25:00.501732010+00:00,0.3
2020-12-07 11:26:00.499029162+00:00,0.29
2020-12-07 11:27:00.494364442+00:00,0.28
2020-12-07 11:29:00.492134894+00:00,0.27
2020-12-07 11:30:00.481285708+00:00,0.26
2020-12-07 11:31:00.490129819+00:00,0.25
2020-12-07 11:32:00.499094246+00:00,0.24
2020-12-07 11:33:00.479262264+00:00,0.23
2020-12-07 11:34:00.486692815+00:00,0.22
2020-12-07 11:35:00.499757131+00:00,0.21
2020-12-07 11:37:00.490629023+00:00,0.2
2020-12-07 11:38:00.477656055+00:00,0.19
2020-12-07 11:39:00.494031419+00:00,0.18
2020-12-07 11:40:00.474811443+00:00,0.17
2020-12-07 11:41:00.506750021+00:00,0.16
2020-12-07 11:42:00.490289055+00:00,0.15
2020-12-07 11:44:00.489503955+00:00,0.14
2020-12-07 11:45:00.489681145+00:00,0.13
2020-12-07 11:46:00.481820179+00:00,0.12
2020-12-07 11:47:00.492505035+00:00,0.11
2020-12-07 11:48:00.503777334+00:00,0.1
2020-12-07 11:49:00.499974897+00:00,0.09
2020-12-07 11:51:00.489578548+00:00,0.08
2020-12-07 11:52:00.502052146+00:00,0.07
2020-12-07 11:53:00.493346290+00:00,0.06
2020-12-07 11:54:00.486409423+00:00,0.05
2020-12-07 11:55:00.485639186+00:00,0.04
2020-12-07 11:56:00.499635186+00:00,0.03
2020-12-07 11:58:00.484761537+00:00,0.02
2020-12-07 11:59:00.510428285+00:00,0.01
2020-12-07 12:00:04.144573026+00:00,4.12
2020-12-07 12:00:04.161137450+00:00,4.11
2020-12-07 12:00:30.499767216+00:00,6.35
2020-12-07 12:01:01.056020734+00:00,6.34
2020-12-07 12:01:12.483616925+00:00,6.33
2020-12-07 12:02:00.475847955+00:00,6.32
2020-12-07 12:03:00.485047927+00:00,6.31
2020-12-07 12:03:25.471164513+00:00,6.3
2020-12-07 12:03:35.489715929+00:00,6.31
2020-12-07 12:03:45.481471237+00:00,6.3
2020-12-07 12:03:55.469959579+00:00,6.31
2020-12-07 12:04:00.486356913+00:00,6.29
2020-12-07 12:05:00.506364634+00:00,6.28
2020-12-07 12:05:30.510397775+00:00,6.29
2020-12-07 12:06:00.507452832+00:00,6.28
2020-12-07 12:07:00.496015708+00:00,6.27
2020-12-07 12:08:00.485441668+00:00,6.25
2020-12-07 12:09:00.487750578+00:00,6.24
2020-12-07 12:10:00.486551271+00:00,6.23
2020-12-07 12:11:00.497251671+00:00,6.22
2020-12-07 12:11:15.492433940+00:00,6.21
2020-12-07 12:12:00.484849614+00:00,6.2
2020-12-07 12:13:00.492013021+00:00,6.19
2020-12-07 12:14:00.477672687+00:00,6.18
2020-12-07 12:15:00.480989328+00:00,6.16
2020-12-07 12:16:00.442073025+00:00,6.15
2020-12-07 12:17:00.462523018+00:00,6.14
2020-12-07 12:18:00.492756850+00:00,6.12
2020-12-07 12:19:00.461865123+00:00,6.11
2020-12-07 12:19:45.485993224+00:00,6.1
2020-12-07 12:20:00.473959608+00:00,6.09
2020-12-07 12:20:35.481182297+00:00,6.1
2020-12-07 12:21:00.467584622+00:00,6.08
2020-12-07 12:22:00.482683842+00:00,6.07
2020-12-07 12:23:00.461183222+00:00,6.06
2020-12-07 12:24:00.449843631+00:00,6.05
2020-12-07 12:25:00.468831583+00:00,6.04
2020-12-07 12:26:00.470569836+00:00,6.02
2020-12-07 12:26:05.474525306+00:00,6.03
2020-12-07 12:27:00.494887487+00:00,6.01
2020-12-07 12:27:50.463247534+00:00,6.02
2020-12-07 12:28:00.467873167+00:00,6.0
2020-12-07 12:29:00.469209926+00:00,5.99
2020-12-07 12:30:00.454853801+00:00,5.98
2020-12-07 12:30:20.480738803+00:00,5.97
2020-12-07 12:31:00.476580221+00:00,5.96
2020-12-07 12:32:00.451820004+00:00,5.95
2020-12-07 12:33:00.466795112+00:00,5.94
2020-12-07 12:33:55.498930149+00:00,5.93
2020-12-07 12:34:00.452493941+00:00,5.92
2020-12-07 12:35:00.489866275+00:00,5.91
2020-12-07 12:36:00.454864761+00:00,5.89
2020-12-07 12:37:00.461713838+00:00,5.88
2020-12-07 12:38:00.508146716+00:00,5.87
2020-12-07 12:39:00.478860265+00:00,5.86
2020-12-07 12:40:00.482028751+00:00,5.85
2020-12-07 12:41:00.484117932+00:00,5.84
2020-12-07 12:42:00.471133358+00:00,5.83
2020-12-07 12:43:00.482746441+00:00,5.81
2020-12-07 12:43:45.481082524+00:00,5.82
2020-12-07 12:43:55.491957613+00:00,5.81
2020-12-07 12:44:00.579214074+00:00,5.8
2020-12-07 12:45:00.501462271+00:00,5.79
2020-12-07 12:46:00.471670513+00:00,5.77
2020-12-07 12:47:00.472562005+00:00,5.76
2020-12-07 12:48:00.479561038+00:00,5.75
2020-12-07 12:49:00.475461673+00:00,5.73
2020-12-07 12:50:00.488511345+00:00,5.72
2020-12-07 12:51:00.465950668+00:00,5.71
2020-12-07 12:52:00.477290290+00:00,5.69
2020-12-07 12:53:00.451198514+00:00,5.68
2020-12-07 12:54:00.499895286+00:00,5.67
2020-12-07 12:55:00.466960131+00:00,5.66
2020-12-07 12:55:20.471341204+00:00,5.65
2020-12-07 12:55:40.464085987+00:00,5.66
2020-12-07 12:55:45.464621713+00:00,5.65
2020-12-07 12:56:00.477196671+00:00,5.64
2020-12-07 12:57:00.469472325+00:00,5.63
2020-12-07 12:58:00.528158511+00:00,5.61
2020-12-07 12:59:00.474051504+00:00,5.6
2020-12-07 13:00:00.750070490+00:00,5.59
2020-12-07 13:01:00.452821683+00:00,5.58
2020-12-07 13:02:00.462690403+00:00,5.57
2020-12-07 13:03:00.468419481+00:00,5.55
2020-12-07 13:04:00.458480961+00:00,5.54
2020-12-07 13:05:00.457564955+00:00,5.52
2020-12-07 13:06:00.496095699+00:00,5.5
2020-12-07 13:06:05.474309699+00:00,5.51
2020-12-07 13:06:10.471722982+00:00,5.5
2020-12-07 13:06:35.488594965+00:00,5.51
2020-12-07 13:06:45.469157326+00:00,5.5
2020-12-07 13:06:55.454279464+00:00,5.51
2020-12-07 13:07:00.468742901+00:00,5.49
2020-12-07 13:08:00.470716208+00:00,5.48
2020-12-07 13:08:25.456325020+00:00,5.47
2020-12-07 13:08:35.458243074+00:00,5.48
2020-12-07 13:08:45.452871300+00:00,5.47
2020-12-07 13:09:00.452334929+00:00,5.46
2020-12-07 13:10:00.484475264+00:00,5.45
2020-12-07 13:11:00.452585635+00:00,5.44
2020-12-07 13:12:00.445649151+00:00,5.42
2020-12-07 13:13:00.467187225+00:00,5.41
2020-12-07 13:14:00.399984156+00:00,5.4
2020-12-07 13:15:00.462580188+00:00,5.38
2020-12-07 13:15:50.480960702+00:00,5.39
2020-12-07 13:16:00.446638798+00:00,5.37
2020-12-07 13:17:00.465352515+00:00,5.36
2020-12-07 13:18:00.455872732+00:00,5.34
2020-12-07 13:18:30.454866253+00:00,5.35
2020-12-07 13:19:00.485530940+00:00,5.33
2020-12-07 13:20:00.468482615+00:00,5.32
2020-12-07 13:21:00.470219209+00:00,5.3
2020-12-07 13:22:00.444705872+00:00,5.29
2020-12-07 13:23:00.461988598+00:00,5.27
2020-12-07 13:24:00.448791354+00:00,5.26
2020-12-07 13:25:00.456127187+00:00,5.25
2020-12-07 13:25:05.472299155+00:00,5.24
2020-12-07 13:26:00.444446359+00:00,5.23
2020-12-07 13:27:00.457283372+00:00,5.22
2020-12-07 13:28:00.452528570+00:00,5.2
2020-12-07 13:29:00.459328695+00:00,5.19
2020-12-07 13:30:00.453725936+00:00,5.18
2020-12-07 13:31:00.484450543+00:00,5.16
2020-12-07 13:31:10.465366565+00:00,5.17
2020-12-07 13:32:00.449637638+00:00,5.15
2020-12-07 13:33:00.457270679+00:00,5.14
2020-12-07 13:34:00.458917135+00:00,5.13
2020-12-07 13:35:00.454207569+00:00,5.12
2020-12-07 13:36:00.446758002+00:00,5.1
2020-12-07 13:37:00.465634474+00:00,5.09
2020-12-07 13:38:00.459101481+00:00,5.08
2020-12-07 13:39:00.468467069+00:00,5.06
2020-12-07 13:40:00.463468891+00:00,5.05
2020-12-07 13:41:00.413247585+00:00,5.04
2020-12-07 13:41:40.459229760+00:00,5.03
2020-12-07 13:41:55.482262911+00:00,5.04
2020-12-07 13:42:00.442652263+00:00,5.02
2020-12-07 13:43:00.477706264+00:00,5.01
2020-12-07 13:44:00.457970405+00:00,5.0
2020-12-07 13:45:00.448312917+00:00,4.98
2020-12-07 13:46:00.447376596+00:00,4.97
2020-12-07 13:47:00.477406710+00:00,4.96
2020-12-07 13:48:00.449283615+00:00,4.94
2020-12-07 13:48:30.463482810+00:00,4.95
2020-12-07 13:49:00.461651806+00:00,4.94
2020-12-07 13:49:05.453567850+00:00,4.93
2020-12-07 13:49:10.446099603+00:00,4.94
2020-12-07 13:49:40.460100155+00:00,4.93
2020-12-07 13:50:00.446899164+00:00,4.92
2020-12-07 13:51:00.466879783+00:00,4.91
2020-12-07 13:52:00.465874700+00:00,4.89
2020-12-07 13:53:00.478913751+00:00,4.88
2020-12-07 13:54:00.468835252+00:00,4.86
2020-12-07 13:55:00.457634583+00:00,4.85
2020-12-07 13:56:00.458227483+00:00,4.84
2020-12-07 13:57:00.474695897+00:00,4.82
2020-12-07 13:58:00.458631440+00:00,4.81
2020-12-07 13:59:00.503504503+00:00,4.79
2020-12-07 14:00:00.785175286+00:00,4.78
2020-12-07 14:01:00.461099067+00:00,4.77
2020-12-07 14:01:12.468728142+00:00,4.76
2020-12-07 14:02:00.463220161+00:00,4.75
2020-12-07 14:02:50.478648792+00:00,4.74
2020-12-07 14:03:00.493498756+00:00,4.73
2020-12-07 14:04:00.472292765+00:00,4.71
2020-12-07 14:04:10.495703159+00:00,4.72
2020-12-07 14:05:00.471977840+00:00,4.7
2020-12-07 14:05:15.461852026+00:00,4.71
2020-12-07 14:06:00.467764434+00:00,4.69
2020-12-07 14:07:00.460654161+00:00,4.68
2020-12-07 14:08:00.463885785+00:00,4.67
2020-12-07 14:08:20.451881038+00:00,4.66
2020-12-07 14:09:00.463743366+00:00,4.65
2020-12-07 14:10:00.461932053+00:00,4.64
2020-12-07 14:10:15.448399783+00:00,4.63
2020-12-07 14:10:40.465265946+00:00,4.64
2020-12-07 14:11:00.463438432+00:00,4.62
2020-12-07 14:12:00.465551042+00:00,4.61
2020-12-07 14:13:00.453810926+00:00,4.59
2020-12-07 14:14:00.470414574+00:00,4.58
2020-12-07 14:15:00.481632258+00:00,4.56
2020-12-07 14:16:00.470780625+00:00,4.55
2020-12-07 14:17:00.465392897+00:00,4.53
2020-12-07 14:18:00.474408569+00:00,4.52
2020-12-07 14:19:00.475685905+00:00,4.51
2020-12-07 14:19:50.466016039+00:00,4.52
2020-12-07 14:20:00.468409122+00:00,4.5
2020-12-07 14:21:00.470335175+00:00,4.49
2020-12-07 14:22:00.471663423+00:00,4.48
2020-12-07 14:23:00.474129183+00:00,4.47
2020-12-07 14:24:00.473044259+00:00,4.46
2020-12-07 14:25:00.463773274+00:00,4.44
2020-12-07 14:26:00.466892847+00:00,4.43
2020-12-07 14:27:00.477060153+00:00,4.42
2020-12-07 14:28:00.473677623+00:00,4.41
2020-12-07 14:29:00.476248762+00:00,4.4
2020-12-07 14:30:00.482814301+00:00,4.39
2020-12-07 14:31:00.504217681+00:00,4.38
2020-12-07 14:31:35.472235124+00:00,4.37
2020-12-07 14:31:50.471414448+00:00,4.38
2020-12-07 14:32:00.465724190+00:00,4.36
2020-12-07 14:33:00.476550156+00:00,4.35
2020-12-07 14:33:35.486780791+00:00,4.34
2020-12-07 14:33:45.469132921+00:00,4.35
2020-12-07 14:34:00.452685857+00:00,4.33
2020-12-07 14:35:00.464533842+00:00,4.32
2020-12-07 14:36:00.472792750+00:00,4.31
2020-12-07 14:36:25.475832262+00:00,4.3
2020-12-07 14:36:35.461981842+00:00,4.31
2020-12-07 14:36:45.479337060+00:00,4.3
2020-12-07 14:36:50.470544613+00:00,4.31
2020-12-07 14:37:00.478704837+00:00,4.29
2020-12-07 14:38:00.478640063+00:00,4.28
2020-12-07 14:39:00.454340301+00:00,4.26
2020-12-07 14:39:20.465758956+00:00,4.27
2020-12-07 14:39:25.480718999+00:00,4.26
2020-12-07 14:40:00.485021776+00:00,4.25
2020-12-07 14:41:00.500032029+00:00,4.23
2020-12-07 14:42:00.464901492+00:00,4.22
2020-12-07 14:42:25.485713319+00:00,4.21
2020-12-07 14:43:00.480549039+00:00,4.2
2020-12-07 14:44:00.466597175+00:00,4.19
2020-12-07 14:45:00.471618486+00:00,4.17
2020-12-07 14:46:00.472447342+00:00,4.16
2020-12-07 14:46:35.462042074+00:00,4.17
2020-12-07 14:47:00.476057563+00:00,4.16
2020-12-07 14:48:00.457092178+00:00,4.15
2020-12-07 14:49:00.502542301+00:00,4.13
2020-12-07 14:50:00.455350467+00:00,4.12
2020-12-07 14:51:00.456483061+00:00,4.1
2020-12-07 14:51:40.483657024+00:00,4.11
2020-12-07 14:52:00.465073951+00:00,4.09
2020-12-07 14:53:00.471323536+00:00,4.08
2020-12-07 14:54:00.463752485+00:00,4.07
2020-12-07 14:55:00.476868227+00:00,4.05
2020-12-07 14:56:00.474837426+00:00,4.04
2020-12-07 14:57:00.460090863+00:00,4.03
2020-12-07 14:58:00.464095651+00:00,4.01
2020-12-07 14:59:00.472284043+00:00,4.0
2020-12-07 15:00:00.763322981+00:00,3.99
2020-12-07 15:00:10.490681231+00:00,3.98
2020-12-07 15:01:00.463298807+00:00,3.97
2020-12-07 15:02:00.469884673+00:00,3.96
2020-12-07 15:03:00.458090436+00:00,3.95
2020-12-07 15:04:00.470780653+00:00,3.93
2020-12-07 15:04:15.452501061+00:00,3.94
2020-12-07 15:04:20.460275657+00:00,3.93
2020-12-07 15:04:25.454477229+00:00,3.94
2020-12-07 15:05:00.455576933+00:00,3.92
2020-12-07 15:06:00.460727771+00:00,3.9
2020-12-07 15:06:20.453109935+00:00,3.91
2020-12-07 15:06:25.481987232+00:00,3.9
2020-12-07 15:06:30.461335642+00:00,3.91
2020-12-07 15:07:00.483418898+00:00,3.89
2020-12-07 15:08:00.456047538+00:00,3.88
2020-12-07 15:09:00.460141545+00:00,3.87
2020-12-07 15:10:00.466643186+00:00,3.85
2020-12-07 15:11:00.467571669+00:00,3.84
2020-12-07 15:12:00.452923584+00:00,3.83
2020-12-07 15:13:00.458554711+00:00,3.82
2020-12-07 15:13:25.462617692+00:00,3.81
2020-12-07 15:13:40.463892113+00:00,3.82
2020-12-07 15:14:00.472408631+00:00,3.8
2020-12-07 15:15:00.460372686+00:00,3.79
2020-12-07 15:15:30.480380657+00:00,3.78
2020-12-07 15:15:35.454639971+00:00,3.79
2020-12-07 15:15:50.466371345+00:00,3.78
2020-12-07 15:15:55.449943964+00:00,3.79
2020-12-07 15:16:00.481556654+00:00,3.77
2020-12-07 15:17:00.476164103+00:00,3.76
2020-12-07 15:18:00.442932727+00:00,3.75
2020-12-07 15:19:00.456311710+00:00,3.74
2020-12-07 15:19:30.466516910+00:00,3.73
2020-12-07 15:19:40.463175395+00:00,3.74
2020-12-07 15:19:50.478581442+00:00,3.73
2020-12-07 15:20:00.465324947+00:00,3.72
2020-12-07 15:21:00.482751414+00:00,3.71
2020-12-07 15:22:00.468185793+00:00,3.7
2020-12-07 15:22:05.464126739+00:00,3.69
2020-12-07 15:22:25.444547398+00:00,3.7
2020-12-07 15:23:00.455333926+00:00,3.68
2020-12-07 15:24:00.473182204+00:00,3.67
2020-12-07 15:25:00.450744021+00:00,3.66
2020-12-07 15:26:00.447642041+00:00,3.64
2020-12-07 15:26:10.458278842+00:00,3.65
2020-12-07 15:27:00.462218078+00:00,3.64
2020-12-07 15:28:00.484693840+00:00,3.62
2020-12-07 15:29:00.460227877+00:00,3.61
2020-12-07 15:30:00.454761580+00:00,3.6
2020-12-07 15:31:00.465411649+00:00,3.58
2020-12-07 15:32:00.458455075+00:00,3.57
2020-12-07 15:33:00.453366569+00:00,3.55
2020-12-07 15:34:00.443976530+00:00,3.54
2020-12-07 15:35:00.469791682+00:00,3.52
2020-12-07 15:36:00.471778435+00:00,3.51
2020-12-07 15:37:00.460374956+00:00,3.5
2020-12-07 15:38:00.447710928+00:00,3.48
2020-12-07 15:39:00.485796940+00:00,3.47
2020-12-07 15:40:00.455065947+00:00,3.46
2020-12-07 15:41:00.456534128+00:00,3.44
2020-12-07 15:42:00.459710077+00:00,3.43
2020-12-07 15:43:00.463275331+00:00,3.42
2020-12-07 15:44:00.442522974+00:00,3.4
2020-12-07 15:45:00.457021950+00:00,3.39
2020-12-07 15:46:00.475969386+00:00,3.38
2020-12-07 15:47:00.480074846+00:00,3.36
2020-12-07 15:48:00.465369861+00:00,3.35
2020-12-07 15:49:00.452646825+00:00,3.34
2020-12-07 15:50:00.480724743+00:00,3.33
2020-12-07 15:50:50.463478144+00:00,3.32
2020-12-07 15:51:00.466043246+00:00,3.31
2020-12-07 15:52:00.467545207+00:00,3.3
2020-12-07 15:53:00.474328073+00:00,3.28
2020-12-07 15:54:00.447991181+00:00,3.27
2020-12-07 15:55:00.459847169+00:00,3.26
2020-12-07 15:56:00.475321128+00:00,3.24
2020-12-07 15:57:00.477498480+00:00,3.23
2020-12-07 15:58:00.469399565+00:00,3.22
2020-12-07 15:59:00.489672545+00:00,3.2
2020-12-07 15:59:05.457415151+00:00,3.21
2020-12-07 16:00:00.765725600+00:00,3.19
2020-12-07 16:01:00.490357528+00:00,3.18
2020-12-07 16:02:00.474257383+00:00,3.17
2020-12-07 16:03:00.460430603+00:00,3.15
2020-12-07 16:04:00.451804341+00:00,3.14
2020-12-07 16:04:05.458414533+00:00,3.13
2020-12-07 16:05:00.480564792+00:00,3.12
2020-12-07 16:06:00.467654624+00:00,3.11
2020-12-07 16:07:00.470658887+00:00,3.09
2020-12-07 16:07:05.476821357+00:00,3.1
2020-12-07 16:07:10.459420458+00:00,3.09
2020-12-07 16:07:30.455090919+00:00,3.1
2020-12-07 16:07:55.456843367+00:00,3.09
2020-12-07 16:08:00.465427696+00:00,3.08
2020-12-07 16:09:00.456045889+00:00,3.07
2020-12-07 16:10:00.473243006+00:00,3.05
2020-12-07 16:10:05.462605824+00:00,3.06
2020-12-07 16:10:25.465061665+00:00,3.05
2020-12-07 16:11:00.465877980+00:00,3.04
2020-12-07 16:12:00.453936477+00:00,3.03
2020-12-07 16:13:00.474125111+00:00,3.02
2020-12-07 16:13:25.468240698+00:00,3.01
2020-12-07 16:14:00.474739204+00:00,3.0
2020-12-07 16:15:00.450255826+00:00,2.99
2020-12-07 16:16:00.459813558+00:00,2.98
2020-12-07 16:17:00.478305028+00:00,2.96
2020-12-07 16:17:25.460281226+00:00,2.97
2020-12-07 16:17:30.482365190+00:00,2.96
2020-12-07 16:18:00.472102734+00:00,2.95
2020-12-07 16:19:00.466393040+00:00,2.94
2020-12-07 16:20:00.491040568+00:00,2.93
2020-12-07 16:21:00.465167719+00:00,2.91
2020-12-07 16:21:35.477465545+00:00,2.92
2020-12-07 16:21:40.475062577+00:00,2.91
2020-12-07 16:21:45.463370245+00:00,2.92
2020-12-07 16:21:50.476493345+00:00,2.91
2020-12-07 16:22:00.477871757+00:00,2.9
2020-12-07 16:23:00.482912259+00:00,2.89
2020-12-07 16:24:00.472485562+00:00,2.88
2020-12-07 16:24:30.479411446+00:00,2.87
2020-12-07 16:25:00.480840932+00:00,2.86
2020-12-07 16:26:00.473132051+00:00,2.85
2020-12-07 16:27:00.488939329+00:00,2.83
2020-12-07 16:27:50.463794324+00:00,2.84
2020-12-07 16:28:00.465880652+00:00,2.82
2020-12-07 16:29:00.474797514+00:00,2.81
2020-12-07 16:30:00.470307569+00:00,2.8
2020-12-07 16:30:25.479114012+00:00,2.79
2020-12-07 16:30:35.455915037+00:00,2.8
2020-12-07 16:31:00.473804861+00:00,2.78
2020-12-07 16:32:00.484281262+00:00,2.77
2020-12-07 16:33:00.473726671+00:00,2.76
2020-12-07 16:33:20.485287873+00:00,2.75
2020-12-07 16:34:00.473805076+00:00,2.74
2020-12-07 16:35:00.453137096+00:00,2.73
2020-12-07 16:36:00.463454763+00:00,2.71
2020-12-07 16:37:00.486055731+00:00,2.7
2020-12-07 16:38:00.473575697+00:00,2.68
2020-12-07 16:39:00.465863160+00:00,2.67
2020-12-07 16:40:00.469655739+00:00,2.66
2020-12-07 16:41:00.474592819+00:00,2.65
2020-12-07 16:41:05.479326924+00:00,2.64
2020-12-07 16:42:00.473396119+00:00,2.63
2020-12-07 16:43:00.477095300+00:00,2.62
2020-12-07 16:44:00.469597300+00:00,2.6
2020-12-07 16:44:35.486961993+00:00,2.61
2020-12-07 16:45:00.471015321+00:00,2.59
2020-12-07 16:46:00.458453914+00:00,2.58
2020-12-07 16:47:00.466335125+00:00,2.57
2020-12-07 16:48:00.478778780+00:00,2.55
2020-12-07 16:49:00.444389275+00:00,2.54
2020-12-07 16:50:00.452639315+00:00,2.53
2020-12-07 16:51:00.483000506+00:00,2.51
2020-12-07 16:52:00.458168141+00:00,2.5
2020-12-07 16:53:00.461554428+00:00,2.49
2020-12-07 16:54:00.473902093+00:00,2.48
2020-12-07 16:54:25.463069009+00:00,2.47
2020-12-07 16:54:35.472040141+00:00,2.48
2020-12-07 16:54:40.464074428+00:00,2.47
2020-12-07 16:55:00.472070094+00:00,2.46
2020-12-07 16:56:00.464549172+00:00,2.45
2020-12-07 16:57:00.469045287+00:00,2.43
2020-12-07 16:58:00.477228798+00:00,2.42
2020-12-07 16:59:00.488404852+00:00,2.4
2020-12-07 16:59:30.462714246+00:00,2.41
2020-12-07 16:59:35.464246019+00:00,2.4
2020-12-07 17:00:00.781528605+00:00,2.39
2020-12-07 17:01:00.471673670+00:00,2.38
2020-12-07 17:01:50.478719799+00:00,2.37
2020-12-07 17:01:55.469892983+00:00,2.38
2020-12-07 17:02:00.468948298+00:00,2.36
2020-12-07 17:03:00.467401827+00:00,2.35
2020-12-07 17:04:00.460407941+00:00,2.34
2020-12-07 17:05:00.450196529+00:00,2.32
2020-12-07 17:06:00.468382477+00:00,2.31
2020-12-07 17:07:00.465880270+00:00,2.3
2020-12-07 17:08:00.442252911+00:00,2.28
2020-12-07 17:09:00.455545318+00:00,2.27
2020-12-07 17:10:00.448906962+00:00,2.26
2020-12-07 17:11:00.477601039+00:00,2.24
2020-12-07 17:11:15.465048438+00:00,2.25
2020-12-07 17:12:00.454846902+00:00,2.23
2020-12-07 17:13:00.466095749+00:00,2.22
2020-12-07 17:14:00.448235317+00:00,2.2
2020-12-07 17:15:00.451189481+00:00,2.19
2020-12-07 17:16:00.449780736+00:00,2.18
2020-12-07 17:17:00.452491301+00:00,2.17
2020-12-07 17:18:00.465761587+00:00,2.15
2020-12-07 17:19:00.463334917+00:00,2.14
2020-12-07 17:20:00.465458124+00:00,2.13
2020-12-07 17:21:00.477749969+00:00,2.11
2020-12-07 17:22:00.454822580+00:00,2.1
2020-12-07 17:23:00.459103246+00:00,2.09
2020-12-07 17:24:00.467329172+00:00,2.07
2020-12-07 17:25:00.473408652+00:00,2.06
2020-12-07 17:26:00.455531129+00:00,2.04
2020-12-07 17:27:00.459252867+00:00,2.03
2020-12-07 17:28:00.459196819+00:00,2.02
2020-12-07 17:29:00.484692651+00:00,2.0
2020-12-07 17:30:00.458913381+00:00,1.99
2020-12-07 17:31:00.451164173+00:00,1.98
2020-12-07 17:32:00.458954612+00:00,1.96
2020-12-07 17:33:00.485155020+00:00,1.95
2020-12-07 17:34:00.457106234+00:00,1.94
2020-12-07 17:35:00.458995508+00:00,1.92
2020-12-07 17:36:00.451327985+00:00,1.91
2020-12-07 17:37:00.451495754+00:00,1.9
2020-12-07 17:38:00.464133180+00:00,1.88
2020-12-07 17:39:00.484090206+00:00,1.87
2020-12-07 17:40:00.449474995+00:00,1.86
2020-12-07 17:41:00.453921610+00:00,1.84
2020-12-07 17:42:00.466376810+00:00,1.83
2020-12-07 17:43:00.465216048+00:00,1.82
2020-12-07 17:43:25.482480500+00:00,1.81
2020-12-07 17:43:40.467818987+00:00,1.82
2020-12-07 17:44:00.489745351+00:00,1.8
2020-12-07 17:45:00.475437405+00:00,1.79
2020-12-07 17:46:00.455865772+00:00,1.78
2020-12-07 17:47:00.461801362+00:00,1.76
2020-12-07 17:48:00.482609653+00:00,1.75
2020-12-07 17:49:00.463471711+00:00,1.74
2020-12-07 17:50:00.458569484+00:00,1.72
2020-12-07 17:51:00.464886325+00:00,1.71
2020-12-07 17:52:00.474445636+00:00,1.7
2020-12-07 17:53:00.474665070+00:00,1.68
2020-12-07 17:54:00.452262492+00:00,1.67
2020-12-07 17:55:00.476190045+00:00,1.66
2020-12-07 17:56:00.450241409+00:00,1.64
2020-12-07 17:57:00.453032272+00:00,1.63
2020-12-07 17:58:00.456255763+00:00,1.62
2020-12-07 17:59:00.475762059+00:00,1.6
2020-12-07 18:00:00.782620262+00:00,1.59
2020-12-07 18:01:00.466402411+00:00,1.58
2020-12-07 18:02:00.446700722+00:00,1.57
2020-12-07 18:03:00.476143623+00:00,1.55
2020-12-07 18:04:00.468119386+00:00,1.54
2020-12-07 18:05:00.457648295+00:00,1.53
2020-12-07 18:06:00.461134559+00:00,1.51
2020-12-07 18:07:00.484655277+00:00,1.5
2020-12-07 18:08:00.474000965+00:00,1.48
2020-12-07 18:09:00.468464554+00:00,1.47
2020-12-07 18:10:00.444739539+00:00,1.46
2020-12-07 18:11:00.474480196+00:00,1.44
2020-12-07 18:12:00.470263382+00:00,1.43
2020-12-07 18:13:00.465386306+00:00,1.42
2020-12-07 18:14:00.461215712+00:00,1.4
2020-12-07 18:15:00.399936248+00:00,1.39
2020-12-07 18:16:00.462375027+00:00,1.38
2020-12-07 18:17:00.452738619+00:00,1.36
2020-12-07 18:18:00.501055066+00:00,1.35
2020-12-07 18:18:50.479567686+00:00,1.34
2020-12-07 18:19:00.493657912+00:00,1.33
2020-12-07 18:20:00.542056152+00:00,1.31
2020-12-07 18:20:05.509622204+00:00,1.32
2020-12-07 18:20:45.479956309+00:00,1.31
2020-12-07 18:20:50.506609834+00:00,1.32
2020-12-07 18:21:00.486059077+00:00,1.3
2020-12-07 18:22:00.485110554+00:00,1.29
2020-12-07 18:22:55.504075560+00:00,1.28
2020-12-07 18:23:00.469650395+00:00,1.27
2020-12-07 18:24:00.487441338+00:00,1.26
2020-12-07 18:25:00.484284603+00:00,1.25
2020-12-07 18:26:00.485257128+00:00,1.23
2020-12-07 18:27:00.481612634+00:00,1.22
2020-12-07 18:28:00.476992712+00:00,1.21
2020-12-07 18:29:00.473045334+00:00,1.2
2020-12-07 18:30:00.478043565+00:00,1.18
2020-12-07 18:31:00.504622777+00:00,1.17
2020-12-07 18:32:00.472102528+00:00,1.16
2020-12-07 18:33:00.493666960+00:00,1.14
2020-12-07 18:34:00.482861793+00:00,1.13
2020-12-07 18:35:00.496657189+00:00,1.12
2020-12-07 18:36:00.473845893+00:00,1.1
2020-12-07 18:37:00.474173797+00:00,1.09
2020-12-07 18:38:00.479925897+00:00,1.08
2020-12-07 18:39:00.474101443+00:00,1.06
2020-12-07 18:40:00.490618355+00:00,1.05
2020-12-07 18:41:00.479574937+00:00,1.04
2020-12-07 18:42:00.471184634+00:00,1.02
2020-12-07 18:42:55.449573911+00:00,1.03
2020-12-07 18:43:00.468322320+00:00,1.01
2020-12-07 18:44:00.490090411+00:00,1.0
2020-12-07 18:45:00.481342602+00:00,0.98
2020-12-07 18:46:00.476713849+00:00,0.97
2020-12-07 18:47:00.470908209+00:00,0.96
2020-12-07 18:48:00.485858556+00:00,0.94
2020-12-07 18:49:00.464489498+00:00,0.93
2020-12-07 18:50:00.476224436+00:00,0.92
2020-12-07 18:51:00.474271005+00:00,0.9
2020-12-07 18:52:00.474825684+00:00,0.89
2020-12-07 18:53:00.464186889+00:00,0.88
2020-12-07 18:54:00.460234700+00:00,0.87
2020-12-07 18:54:15.463651637+00:00,0.86
2020-12-07 18:54:30.471991519+00:00,0.87
2020-12-07 18:54:35.463480607+00:00,0.86
2020-12-07 18:54:55.477508266+00:00,0.87
2020-12-07 18:55:00.468828043+00:00,0.85
2020-12-07 18:56:00.474836912+00:00,0.84
2020-12-07 18:57:00.477324258+00:00,0.83
2020-12-07 18:58:00.488843606+00:00,0.81
2020-12-07 18:59:00.464998597+00:00,0.8
2020-12-07 19:00:00.755530397+00:00,0.79
2020-12-07 19:01:00.515833686+00:00,0.77
2020-12-07 19:02:00.457566776+00:00,0.76
2020-12-07 19:03:00.472728939+00:00,0.75
2020-12-07 19:04:00.466290725+00:00,0.74
2020-12-07 19:05:00.493531897+00:00,0.72
2020-12-07 19:06:00.453375820+00:00,0.71
2020-12-07 19:07:00.453711995+00:00,0.7
2020-12-07 19:08:00.463227850+00:00,0.68
2020-12-07 19:09:00.484999770+00:00,0.67
2020-12-07 19:10:00.466770276+00:00,0.66
2020-12-07 19:11:00.459649604+00:00,0.64
2020-12-07 19:12:00.460694768+00:00,0.63
2020-12-07 19:13:00.483264916+00:00,0.62
2020-12-07 19:14:00.459097159+00:00,0.6
2020-12-07 19:15:00.455887877+00:00,0.59
2020-12-07 19:16:00.467378701+00:00,0.58
2020-12-07 19:17:00.451508791+00:00,0.56
2020-12-07 19:18:00.472576979+00:00,0.55
2020-12-07 19:19:00.505351706+00:00,0.54
2020-12-07 19:20:00.458129047+00:00,0.53
2020-12-07 19:21:00.480859611+00:00,0.51
2020-12-07 19:22:00.470310948+00:00,0.5
2020-12-07 19:23:00.461512779+00:00,0.49
2020-12-07 19:24:00.442049820+00:00,0.47
2020-12-07 19:25:00.486369714+00:00,0.46
2020-12-07 19:26:00.459265033+00:00,0.45
2020-12-07 19:27:00.482722250+00:00,0.43
2020-12-07 19:28:00.460873302+00:00,0.42
2020-12-07 19:29:00.459668615+00:00,0.41
2020-12-07 19:30:00.458705422+00:00,0.39
2020-12-07 19:31:00.461087638+00:00,0.38
2020-12-07 19:32:00.464276610+00:00,0.37
2020-12-07 19:33:00.471852277+00:00,0.36
2020-12-07 19:34:00.472334134+00:00,0.34
2020-12-07 19:35:00.453598662+00:00,0.33
2020-12-07 19:36:00.482709211+00:00,0.32
2020-12-07 19:37:00.458809597+00:00,0.3
2020-12-07 19:38:00.460732984+00:00,0.29
2020-12-07 19:39:00.479245302+00:00,0.28
2020-12-07 19:40:00.456577906+00:00,0.26
2020-12-07 19:41:00.468167485+00:00,0.25
2020-12-07 19:42:00.499333682+00:00,0.24
2020-12-07 19:43:00.480632050+00:00,0.22
2020-12-07 19:44:00.467903259+00:00,0.21
2020-12-07 19:45:00.477780572+00:00,0.2
2020-12-07 19:46:00.499237991+00:00,0.18
2020-12-07 19:47:00.466158374+00:00,0.17
2020-12-07 19:48:00.468850070+00:00,0.16
2020-12-07 19:49:00.456644082+00:00,0.14
2020-12-07 19:50:00.467508751+00:00,0.13
2020-12-07 19:51:00.465670387+00:00,0.12
2020-12-07 19:52:00.476140203+00:00,0.1
2020-12-07 19:53:00.479446760+00:00,0.09
2020-12-07 19:54:00.463678030+00:00,0.08
2020-12-07 19:55:00.461728493+00:00,0.07
2020-12-07 19:56:00.470014435+00:00,0.05
2020-12-07 19:57:00.475833755+00:00,0.04
2020-12-07 19:58:00.464591581+00:00,0.03
2020-12-07 19:59:00.470755792+00:00,0.01
2020-12-07 20:00:01.353604341+00:00,6.31
2020-12-07 20:00:01.367590621+00:00,6.3
2020-12-07 20:00:30.480411766+00:00,1.9
2020-12-07 20:01:00.463757061+00:00,1.89
2020-12-07 20:03:00.476559455+00:00,1.88
2020-12-07 20:06:00.473185989+00:00,1.87
2020-12-07 20:08:10.477235440+00:00,1.86
2020-12-07 20:08:15.470988149+00:00,1.87
2020-12-07 20:08:30.471135964+00:00,1.86
2020-12-07 20:11:00.464243655+00:00,1.85
2020-12-07 20:13:00.454386301+00:00,1.84
2020-12-07 20:15:25.459793650+00:00,1.83
2020-12-07 20:15:50.461088828+00:00,1.84
2020-12-07 20:16:00.452387953+00:00,1.83
2020-12-07 20:18:00.475678937+00:00,1.82
2020-12-07 20:18:45.481749642+00:00,1.83
2020-12-07 20:19:00.481247271+00:00,1.82
2020-12-07 20:22:00.493407722+00:00,1.81
2020-12-07 20:25:00.463700085+00:00,1.8
2020-12-07 20:28:00.494296044+00:00,1.79
2020-12-07 20:30:00.504936042+00:00,1.78
2020-12-07 20:33:00.467536816+00:00,1.77
2020-12-07 20:35:35.481146334+00:00,1.76
2020-12-07 20:35:45.478980964+00:00,1.77
2020-12-07 20:35:55.459886628+00:00,1.76
2020-12-07 20:38:00.460413623+00:00,1.75
2020-12-07 20:40:00.491519658+00:00,1.74
2020-12-07 20:40:30.474492311+00:00,1.75
2020-12-07 20:40:40.463289317+00:00,1.74
2020-12-07 20:42:55.480835391+00:00,1.73
2020-12-07 20:45:00.490058864+00:00,1.72
2020-12-07 20:45:35.469507001+00:00,1.73
2020-12-07 20:46:00.494933621+00:00,1.72
2020-12-07 20:48:00.468062964+00:00,1.71
2020-12-07 20:50:35.470460134+00:00,1.7
2020-12-07 20:50:40.473361026+00:00,1.71
2020-12-07 20:51:00.467014436+00:00,1.7
2020-12-07 20:53:00.465285653+00:00,1.69
2020-12-07 20:55:00.463554534+00:00,1.68
2020-12-07 20:58:00.469787067+00:00,1.67
2020-12-07 20:58:10.466756729+00:00,1.68
2020-12-07 20:59:00.480690464+00:00,1.67
2020-12-07 21:01:00.462549626+00:00,1.66
2020-12-07 21:03:00.476305660+00:00,1.65
2020-12-07 21:06:00.460831648+00:00,1.64
2020-12-07 21:08:00.472166163+00:00,1.63
2020-12-07 21:08:10.489732195+00:00,1.64
2020-12-07 21:09:00.464436612+00:00,1.63
2020-12-07 21:11:00.451396243+00:00,1.62
2020-12-07 21:14:00.460783540+00:00,1.61
2020-12-07 21:16:35.462271410+00:00,1.6
2020-12-07 21:19:00.473431682+00:00,1.59
2020-12-07 21:22:00.458371736+00:00,1.58
2020-12-07 21:24:00.456854021+00:00,1.57
2020-12-07 21:27:00.459884530+00:00,1.56
2020-12-07 21:30:00.460971243+00:00,1.55
2020-12-07 21:32:00.456538881+00:00,1.54
2020-12-07 21:35:00.457424817+00:00,1.53
2020-12-07 21:37:00.465114708+00:00,1.52
2020-12-07 21:40:00.462705462+00:00,1.51
2020-12-07 21:42:00.479704388+00:00,1.5
2020-12-07 21:45:00.469150321+00:00,1.49
2020-12-07 21:47:00.463337662+00:00,1.48
2020-12-07 21:50:00.452649811+00:00,1.47
2020-12-07 21:52:00.473204069+00:00,1.46
2020-12-07 21:54:00.471545772+00:00,1.45
2020-12-07 21:57:00.463085524+00:00,1.44
2020-12-07 21:59:20.465850826+00:00,1.43
2020-12-07 21:59:25.459040208+00:00,1.44
2020-12-07 22:00:00.771980503+00:00,1.43
2020-12-07 22:02:00.476295641+00:00,1.42
2020-12-07 22:05:00.409197223+00:00,1.41
2020-12-07 22:07:00.484334956+00:00,1.4
2020-12-07 22:10:00.480979831+00:00,1.39
2020-12-07 22:12:00.463262768+00:00,1.38
2020-12-07 22:15:00.466544351+00:00,1.37
2020-12-07 22:18:00.467103752+00:00,1.36
2020-12-07 22:20:00.480532010+00:00,1.35
2020-12-07 22:23:00.467176285+00:00,1.34
2020-12-07 22:25:00.455821850+00:00,1.33
2020-12-07 22:28:00.474470598+00:00,1.32
2020-12-07 22:30:00.477378886+00:00,1.31
2020-12-07 22:32:00.473989748+00:00,1.3
2020-12-07 22:35:00.476635309+00:00,1.29
2020-12-07 22:37:00.485944398+00:00,1.28
2020-12-07 22:40:00.480451944+00:00,1.27
2020-12-07 22:43:00.498069775+00:00,1.26
2020-12-07 22:45:00.475255846+00:00,1.25
2020-12-07 22:48:00.475591077+00:00,1.24
2020-12-07 22:50:00.478087846+00:00,1.23
2020-12-07 22:53:00.470030583+00:00,1.22
2020-12-07 22:55:00.454024937+00:00,1.21
2020-12-07 22:58:00.463505450+00:00,1.2
2020-12-07 23:01:00.461269428+00:00,1.19
2020-12-07 23:03:00.451990617+00:00,1.18
2020-12-07 23:05:00.476023751+00:00,1.17
2020-12-07 23:08:00.442874091+00:00,1.16
2020-12-07 23:10:00.458917339+00:00,1.15
2020-12-07 23:13:00.446696319+00:00,1.14
2020-12-07 23:15:00.465808413+00:00,1.13
2020-12-07 23:18:00.473952710+00:00,1.12
2020-12-07 23:21:00.459620446+00:00,1.11
2020-12-07 23:23:00.469416747+00:00,1.1
2020-12-07 23:26:00.467609578+00:00,1.09
2020-12-07 23:29:00.474035880+00:00,1.08
2020-12-07 23:32:00.466384630+00:00,1.07
2020-12-07 23:34:00.466603431+00:00,1.06
2020-12-07 23:37:00.485159896+00:00,1.05
2020-12-07 23:39:00.465192230+00:00,1.04
2020-12-07 23:42:00.461238411+00:00,1.03
2020-12-07 23:44:00.464492204+00:00,1.02
2020-12-07 23:44:10.456988003+00:00,1.03
2020-12-07 23:44:30.461195483+00:00,1.02
2020-12-07 23:44:45.451982047+00:00,1.03
2020-12-07 23:44:50.460927717+00:00,1.02
2020-12-07 23:44:55.472080185+00:00,1.03
2020-12-07 23:45:00.476216119+00:00,1.02
2020-12-07 23:47:00.477626289+00:00,1.01
2020-12-07 23:49:00.455792343+00:00,1.0
2020-12-07 23:52:00.471651808+00:00,0.99
2020-12-07 23:54:00.470809470+00:00,0.98
2020-12-07 23:57:00.408547316+00:00,0.97
2020-12-07 23:59:00.489454279+00:00,0.96
